-- MySQL dump 10.13  Distrib 5.7.16, for osx10.11 (x86_64)
--
-- Host: localhost    Database: docConsult
-- ------------------------------------------------------
-- Server version	5.7.16

/*!40101 SET @OLD_CHARACTER_SET_CLIENT=@@CHARACTER_SET_CLIENT */;
/*!40101 SET @OLD_CHARACTER_SET_RESULTS=@@CHARACTER_SET_RESULTS */;
/*!40101 SET @OLD_COLLATION_CONNECTION=@@COLLATION_CONNECTION */;
/*!40101 SET NAMES utf8 */;
/*!40103 SET @OLD_TIME_ZONE=@@TIME_ZONE */;
/*!40103 SET TIME_ZONE='+00:00' */;
/*!40014 SET @OLD_UNIQUE_CHECKS=@@UNIQUE_CHECKS, UNIQUE_CHECKS=0 */;
/*!40014 SET @OLD_FOREIGN_KEY_CHECKS=@@FOREIGN_KEY_CHECKS, FOREIGN_KEY_CHECKS=0 */;
/*!40101 SET @OLD_SQL_MODE=@@SQL_MODE, SQL_MODE='NO_AUTO_VALUE_ON_ZERO' */;
/*!40111 SET @OLD_SQL_NOTES=@@SQL_NOTES, SQL_NOTES=0 */;

--
-- Table structure for table `con_article`
--

DROP TABLE IF EXISTS `con_article`;
/*!40101 SET @saved_cs_client     = @@character_set_client */;
/*!40101 SET character_set_client = utf8 */;
CREATE TABLE `con_article` (
  `id` int(11) NOT NULL AUTO_INCREMENT,
  `userId` int(11) DEFAULT NULL,
  `title` text,
  `content` text,
  `ctime` int(11) DEFAULT NULL,
  `themeId` int(11) DEFAULT NULL,
  PRIMARY KEY (`id`)
) ENGINE=InnoDB AUTO_INCREMENT=42 DEFAULT CHARSET=utf8;
/*!40101 SET character_set_client = @saved_cs_client */;

--
-- Dumping data for table `con_article`
--

LOCK TABLES `con_article` WRITE;
/*!40000 ALTER TABLE `con_article` DISABLE KEYS */;
INSERT INTO `con_article` VALUES (1,10,'国人总是崇洋媚外，拼命丢弃自己的民族文化','自古以来，《百鸟朝凤》是品德高尚的逝者才配得到的最高礼遇的送行乐，唢呐艺人用生命去演绎、热爱唢呐，无奈世事变迁，唢呐终究逃不了被世人遗弃的命运，相比那些场景华丽、帅哥装酷耍帅、美女卖弄风情、剧情虚浮、演员演技浮夸的狗血剧，我更喜欢和怀念这种朴实无华',1506268800,2),(2,10,'国人总是崇洋媚外，拼命丢弃自己的民族文化','自古以来，《百鸟朝凤》是品德高尚的逝者才配得到的最高礼遇的送行乐，唢呐艺人用生命去演绎、热爱唢呐，无奈世事变迁，唢呐终究逃不了被世人遗弃的命运，相比那些场景华丽、帅哥装酷耍帅、美女卖弄风情、剧情虚浮、演员演技浮夸的狗血剧，我更喜欢和怀念这种朴实无华',1506268800,1),(3,10,'国人总是崇洋媚外，拼命丢弃自己的民族文化','自古以来，《百鸟朝凤》是品德高尚的逝者才配得到的最高礼遇的送行乐，唢呐艺人用生命去演绎、热爱唢呐，无奈世事变迁，唢呐终究逃不了被世人遗弃的命运，相比那些场景华丽、帅哥装酷耍帅、美女卖弄风情、剧情虚浮、演员演技浮夸的狗血剧，我更喜欢和怀念这种朴实无华',1506268800,2),(4,10,'国人总是崇洋媚外，拼命丢弃自己的民族文化','自古以来，《百鸟朝凤》是品德高尚的逝者才配得到的最高礼遇的送行乐，唢呐艺人用生命去演绎、热爱唢呐，无奈世事变迁，唢呐终究逃不了被世人遗弃的命运，相比那些场景华丽、帅哥装酷耍帅、美女卖弄风情、剧情虚浮、演员演技浮夸的狗血剧，我更喜欢和怀念这种朴实无华',1506268800,1),(5,11,'国人总是崇洋媚外，拼命丢弃自己的民族文化','自古以来，《百鸟朝凤》是品德高尚的逝者才配得到的最高礼遇的送行乐，唢呐艺人用生命去演绎、热爱唢呐，无奈世事变迁，唢呐终究逃不了被世人遗弃的命运，相比那些场景华丽、帅哥装酷耍帅、美女卖弄风情、剧情虚浮、演员演技浮夸的狗血剧，我更喜欢和怀念这种朴实无华',1506268800,2),(6,11,'国人总是崇洋媚外，拼命丢弃自己的民族文化','自古以来，《百鸟朝凤》是品德高尚的逝者才配得到的最高礼遇的送行乐，唢呐艺人用生命去演绎、热爱唢呐，无奈世事变迁，唢呐终究逃不了被世人遗弃的命运，相比那些场景华丽、帅哥装酷耍帅、美女卖弄风情、剧情虚浮、演员演技浮夸的狗血剧，我更喜欢和怀念这种朴实无华',1506268800,2),(7,11,'国人总是崇洋媚外，拼命丢弃自己的民族文化','自古以来，《百鸟朝凤》是品德高尚的逝者才配得到的最高礼遇的送行乐，唢呐艺人用生命去演绎、热爱唢呐，无奈世事变迁，唢呐终究逃不了被世人遗弃的命运，相比那些场景华丽、帅哥装酷耍帅、美女卖弄风情、剧情虚浮、演员演技浮夸的狗血剧，我更喜欢和怀念这种朴实无华',1506268800,2),(8,12,'国人总是崇洋媚外，拼命丢弃自己的民族文化','自古以来，《百鸟朝凤》是品德高尚的逝者才配得到的最高礼遇的送行乐，唢呐艺人用生命去演绎、热爱唢呐，无奈世事变迁，唢呐终究逃不了被世人遗弃的命运，相比那些场景华丽、帅哥装酷耍帅、美女卖弄风情、剧情虚浮、演员演技浮夸的狗血剧，我更喜欢和怀念这种朴实无华',1506268800,3),(9,11,'国人总是崇洋媚外，拼命丢弃自己的民族文化','自古以来，《百鸟朝凤》是品德高尚的逝者才配得到的最高礼遇的送行乐，唢呐艺人用生命去演绎、热爱唢呐，无奈世事变迁，唢呐终究逃不了被世人遗弃的命运，相比那些场景华丽、帅哥装酷耍帅、美女卖弄风情、剧情虚浮、演员演技浮夸的狗血剧，我更喜欢和怀念这种朴实无华',1506268800,2),(10,10,'国人总是崇洋媚外，拼命丢弃自己的民族文化','自古以来，《百鸟朝凤》是品德高尚的逝者才配得到的最高礼遇的送行乐，唢呐艺人用生命去演绎、热爱唢呐，无奈世事变迁，唢呐终究逃不了被世人遗弃的命运，相比那些场景华丽、帅哥装酷耍帅、美女卖弄风情、剧情虚浮、演员演技浮夸的狗血剧，我更喜欢和怀念这种朴实无华',1506268800,1),(11,11,'国人总是崇洋媚外，拼命丢弃自己的民族文化','自古以来，《百鸟朝凤》是品德高尚的逝者才配得到的最高礼遇的送行乐，唢呐艺人用生命去演绎、热爱唢呐，无奈世事变迁，唢呐终究逃不了被世人遗弃的命运，相比那些场景华丽、帅哥装酷耍帅、美女卖弄风情、剧情虚浮、演员演技浮夸的狗血剧，我更喜欢和怀念这种朴实无华',1506268800,2),(12,12,'国人总是崇洋媚外，拼命丢弃自己的民族文化','自古以来，《百鸟朝凤》是品德高尚的逝者才配得到的最高礼遇的送行乐，唢呐艺人用生命去演绎、热爱唢呐，无奈世事变迁，唢呐终究逃不了被世人遗弃的命运，相比那些场景华丽、帅哥装酷耍帅、美女卖弄风情、剧情虚浮、演员演技浮夸的狗血剧，我更喜欢和怀念这种朴实无华',1506268800,5),(13,14,'国人总是崇洋媚外，拼命丢弃自己的民族文化','自古以来，《百鸟朝凤》是品德高尚的逝者才配得到的最高礼遇的送行乐，唢呐艺人用生命去演绎、热爱唢呐，无奈世事变迁，唢呐终究逃不了被世人遗弃的命运，相比那些场景华丽、帅哥装酷耍帅、美女卖弄风情、剧情虚浮、演员演技浮夸的狗血剧，我更喜欢和怀念这种朴实无华',1506268800,2),(14,12,'国人总是崇洋媚外，拼命丢弃自己的民族文化','自古以来，《百鸟朝凤》是品德高尚的逝者才配得到的最高礼遇的送行乐，唢呐艺人用生命去演绎、热爱唢呐，无奈世事变迁，唢呐终究逃不了被世人遗弃的命运，相比那些场景华丽、帅哥装酷耍帅、美女卖弄风情、剧情虚浮、演员演技浮夸的狗血剧，我更喜欢和怀念这种朴实无华',1506268800,2),(15,11,'国人总是崇洋媚外，拼命丢弃自己的民族文化','自古以来，《百鸟朝凤》是品德高尚的逝者才配得到的最高礼遇的送行乐，唢呐艺人用生命去演绎、热爱唢呐，无奈世事变迁，唢呐终究逃不了被世人遗弃的命运，相比那些场景华丽、帅哥装酷耍帅、美女卖弄风情、剧情虚浮、演员演技浮夸的狗血剧，我更喜欢和怀念这种朴实无华',1506268800,2),(16,10,'国人总是崇洋媚外，拼命丢弃自己的民族文化','自古以来，《百鸟朝凤》是品德高尚的逝者才配得到的最高礼遇的送行乐，唢呐艺人用生命去演绎、热爱唢呐，无奈世事变迁，唢呐终究逃不了被世人遗弃的命运，相比那些场景华丽、帅哥装酷耍帅、美女卖弄风情、剧情虚浮、演员演技浮夸的狗血剧，我更喜欢和怀念这种朴实无华',1506268800,7),(17,10,'国人总是崇洋媚外，拼命丢弃自己的民族文化','自古以来，《百鸟朝凤》是品德高尚的逝者才配得到的最高礼遇的送行乐，唢呐艺人用生命去演绎、热爱唢呐，无奈世事变迁，唢呐终究逃不了被世人遗弃的命运，相比那些场景华丽、帅哥装酷耍帅、美女卖弄风情、剧情虚浮、演员演技浮夸的狗血剧，我更喜欢和怀念这种朴实无华',1506268800,2),(18,11,'国人总是崇洋媚外，拼命丢弃自己的民族文化','自古以来，《百鸟朝凤》是品德高尚的逝者才配得到的最高礼遇的送行乐，唢呐艺人用生命去演绎、热爱唢呐，无奈世事变迁，唢呐终究逃不了被世人遗弃的命运，相比那些场景华丽、帅哥装酷耍帅、美女卖弄风情、剧情虚浮、演员演技浮夸的狗血剧，我更喜欢和怀念这种朴实无华',1506268800,7),(19,10,'国人总是崇洋媚外，拼命丢弃自己的民族文化','自古以来，《百鸟朝凤》是品德高尚的逝者才配得到的最高礼遇的送行乐，唢呐艺人用生命去演绎、热爱唢呐，无奈世事变迁，唢呐终究逃不了被世人遗弃的命运，相比那些场景华丽、帅哥装酷耍帅、美女卖弄风情、剧情虚浮、演员演技浮夸的狗血剧，我更喜欢和怀念这种朴实无华',1506268800,2),(20,11,'国人总是崇洋媚外，拼命丢弃自己的民族文化','自古以来，《百鸟朝凤》是品德高尚的逝者才配得到的最高礼遇的送行乐，唢呐艺人用生命去演绎、热爱唢呐，无奈世事变迁，唢呐终究逃不了被世人遗弃的命运，相比那些场景华丽、帅哥装酷耍帅、美女卖弄风情、剧情虚浮、演员演技浮夸的狗血剧，我更喜欢和怀念这种朴实无华',1506268800,1),(21,10,'国人总是崇洋媚外，拼命丢弃自己的民族文化','自古以来，《百鸟朝凤》是品德高尚的逝者才配得到的最高礼遇的送行乐，唢呐艺人用生命去演绎、热爱唢呐，无奈世事变迁，唢呐终究逃不了被世人遗弃的命运，相比那些场景华丽、帅哥装酷耍帅、美女卖弄风情、剧情虚浮、演员演技浮夸的狗血剧，我更喜欢和怀念这种朴实无华',1506268800,2),(22,12,'国人总是崇洋媚外，拼命丢弃自己的民族文化','自古以来，《百鸟朝凤》是品德高尚的逝者才配得到的最高礼遇的送行乐，唢呐艺人用生命去演绎、热爱唢呐，无奈世事变迁，唢呐终究逃不了被世人遗弃的命运，相比那些场景华丽、帅哥装酷耍帅、美女卖弄风情、剧情虚浮、演员演技浮夸的狗血剧，我更喜欢和怀念这种朴实无华',1506268800,5),(23,12,'国人总是崇洋媚外，拼命丢弃自己的民族文化','自古以来，《百鸟朝凤》是品德高尚的逝者才配得到的最高礼遇的送行乐，唢呐艺人用生命去演绎、热爱唢呐，无奈世事变迁，唢呐终究逃不了被世人遗弃的命运，相比那些场景华丽、帅哥装酷耍帅、美女卖弄风情、剧情虚浮、演员演技浮夸的狗血剧，我更喜欢和怀念这种朴实无华',1506268800,2),(24,12,'国人总是崇洋媚外，拼命丢弃自己的民族文化','自古以来，《百鸟朝凤》是品德高尚的逝者才配得到的最高礼遇的送行乐，唢呐艺人用生命去演绎、热爱唢呐，无奈世事变迁，唢呐终究逃不了被世人遗弃的命运，相比那些场景华丽、帅哥装酷耍帅、美女卖弄风情、剧情虚浮、演员演技浮夸的狗血剧，我更喜欢和怀念这种朴实无华',1506268800,4),(25,12,'国人总是崇洋媚外，拼命丢弃自己的民族文化','自古以来，《百鸟朝凤》是品德高尚的逝者才配得到的最高礼遇的送行乐，唢呐艺人用生命去演绎、热爱唢呐，无奈世事变迁，唢呐终究逃不了被世人遗弃的命运，相比那些场景华丽、帅哥装酷耍帅、美女卖弄风情、剧情虚浮、演员演技浮夸的狗血剧，我更喜欢和怀念这种朴实无华',1506268800,2),(26,11,'国人总是崇洋媚外，拼命丢弃自己的民族文化','自古以来，《百鸟朝凤》是品德高尚的逝者才配得到的最高礼遇的送行乐，唢呐艺人用生命去演绎、热爱唢呐，无奈世事变迁，唢呐终究逃不了被世人遗弃的命运，相比那些场景华丽、帅哥装酷耍帅、美女卖弄风情、剧情虚浮、演员演技浮夸的狗血剧，我更喜欢和怀念这种朴实无华',1506268800,6),(27,11,'国人总是崇洋媚外，拼命丢弃自己的民族文化','自古以来，《百鸟朝凤》是品德高尚的逝者才配得到的最高礼遇的送行乐，唢呐艺人用生命去演绎、热爱唢呐，无奈世事变迁，唢呐终究逃不了被世人遗弃的命运，相比那些场景华丽、帅哥装酷耍帅、美女卖弄风情、剧情虚浮、演员演技浮夸的狗血剧，我更喜欢和怀念这种朴实无华',1506268800,2),(28,10,'国人总是崇洋媚外，拼命丢弃自己的民族文化','自古以来，《百鸟朝凤》是品德高尚的逝者才配得到的最高礼遇的送行乐，唢呐艺人用生命去演绎、热爱唢呐，无奈世事变迁，唢呐终究逃不了被世人遗弃的命运，相比那些场景华丽、帅哥装酷耍帅、美女卖弄风情、剧情虚浮、演员演技浮夸的狗血剧，我更喜欢和怀念这种朴实无华',1506268800,6),(29,11,'国人总是崇洋媚外，拼命丢弃自己的民族文化','自古以来，《百鸟朝凤》是品德高尚的逝者才配得到的最高礼遇的送行乐，唢呐艺人用生命去演绎、热爱唢呐，无奈世事变迁，唢呐终究逃不了被世人遗弃的命运，相比那些场景华丽、帅哥装酷耍帅、美女卖弄风情、剧情虚浮、演员演技浮夸的狗血剧，我更喜欢和怀念这种朴实无华',1506268800,2),(30,10,'国人总是崇洋媚外，拼命丢弃自己的民族文化','自古以来，《百鸟朝凤》是品德高尚的逝者才配得到的最高礼遇的送行乐，唢呐艺人用生命去演绎、热爱唢呐，无奈世事变迁，唢呐终究逃不了被世人遗弃的命运，相比那些场景华丽、帅哥装酷耍帅、美女卖弄风情、剧情虚浮、演员演技浮夸的狗血剧，我更喜欢和怀念这种朴实无华',1506268800,6),(31,11,'国人总是崇洋媚外，拼命丢弃自己的民族文化','自古以来，《百鸟朝凤》是品德高尚的逝者才配得到的最高礼遇的送行乐，唢呐艺人用生命去演绎、热爱唢呐，无奈世事变迁，唢呐终究逃不了被世人遗弃的命运，相比那些场景华丽、帅哥装酷耍帅、美女卖弄风情、剧情虚浮、演员演技浮夸的狗血剧，我更喜欢和怀念这种朴实无华',1506268800,2),(32,10,'国人总是崇洋媚外，拼命丢弃自己的民族文化','自古以来，《百鸟朝凤》是品德高尚的逝者才配得到的最高礼遇的送行乐，唢呐艺人用生命去演绎、热爱唢呐，无奈世事变迁，唢呐终究逃不了被世人遗弃的命运，相比那些场景华丽、帅哥装酷耍帅、美女卖弄风情、剧情虚浮、演员演技浮夸的狗血剧，我更喜欢和怀念这种朴实无华',1506268800,3),(33,12,'国人总是崇洋媚外，拼命丢弃自己的民族文化','自古以来，《百鸟朝凤》是品德高尚的逝者才配得到的最高礼遇的送行乐，唢呐艺人用生命去演绎、热爱唢呐，无奈世事变迁，唢呐终究逃不了被世人遗弃的命运，相比那些场景华丽、帅哥装酷耍帅、美女卖弄风情、剧情虚浮、演员演技浮夸的狗血剧，我更喜欢和怀念这种朴实无华',1506268800,2),(34,11,'国人总是崇洋媚外，拼命丢弃自己的民族文化','自古以来，《百鸟朝凤》是品德高尚的逝者才配得到的最高礼遇的送行乐，唢呐艺人用生命去演绎、热爱唢呐，无奈世事变迁，唢呐终究逃不了被世人遗弃的命运，相比那些场景华丽、帅哥装酷耍帅、美女卖弄风情、剧情虚浮、演员演技浮夸的狗血剧，我更喜欢和怀念这种朴实无华',1506268800,2),(35,11,'国人总是崇洋媚外，拼命丢弃自己的民族文化','自古以来，《百鸟朝凤》是品德高尚的逝者才配得到的最高礼遇的送行乐，唢呐艺人用生命去演绎、热爱唢呐，无奈世事变迁，唢呐终究逃不了被世人遗弃的命运，相比那些场景华丽、帅哥装酷耍帅、美女卖弄风情、剧情虚浮、演员演技浮夸的狗血剧，我更喜欢和怀念这种朴实无华',1506268800,2),(36,12,'国人总是崇洋媚外，拼命丢弃自己的民族文化','自古以来，《百鸟朝凤》是品德高尚的逝者才配得到的最高礼遇的送行乐，唢呐艺人用生命去演绎、热爱唢呐，无奈世事变迁，唢呐终究逃不了被世人遗弃的命运，相比那些场景华丽、帅哥装酷耍帅、美女卖弄风情、剧情虚浮、演员演技浮夸的狗血剧，我更喜欢和怀念这种朴实无华',1506268800,1),(37,12,'为什么孩子调皮','孩子很调皮 乱扔东西',1506413629,5),(38,10,'孩子调皮管教','为什么小孩总是很难管',1506413724,5),(39,10,'hehasdjaansdnas','asdbkasdasdkasd',1506605193,6),(40,10,'这个问题好难','我完全回答不上来',1506655894,1),(41,11,'认认真真发个帖子','this is a test tip',1506672577,4);
/*!40000 ALTER TABLE `con_article` ENABLE KEYS */;
UNLOCK TABLES;

--
-- Table structure for table `con_code`
--

DROP TABLE IF EXISTS `con_code`;
/*!40101 SET @saved_cs_client     = @@character_set_client */;
/*!40101 SET character_set_client = utf8 */;
CREATE TABLE `con_code` (
  `id` int(11) NOT NULL AUTO_INCREMENT,
  `userId` int(11) DEFAULT NULL,
  `verycode` int(11) DEFAULT NULL,
  PRIMARY KEY (`id`)
) ENGINE=InnoDB DEFAULT CHARSET=utf8;
/*!40101 SET character_set_client = @saved_cs_client */;

--
-- Dumping data for table `con_code`
--

LOCK TABLES `con_code` WRITE;
/*!40000 ALTER TABLE `con_code` DISABLE KEYS */;
/*!40000 ALTER TABLE `con_code` ENABLE KEYS */;
UNLOCK TABLES;

--
-- Table structure for table `con_theme`
--

DROP TABLE IF EXISTS `con_theme`;
/*!40101 SET @saved_cs_client     = @@character_set_client */;
/*!40101 SET character_set_client = utf8 */;
CREATE TABLE `con_theme` (
  `id` int(11) NOT NULL AUTO_INCREMENT,
  `theme` varchar(64) DEFAULT NULL,
  PRIMARY KEY (`id`)
) ENGINE=InnoDB AUTO_INCREMENT=9 DEFAULT CHARSET=utf8;
/*!40101 SET character_set_client = @saved_cs_client */;

--
-- Dumping data for table `con_theme`
--

LOCK TABLES `con_theme` WRITE;
/*!40000 ALTER TABLE `con_theme` DISABLE KEYS */;
INSERT INTO `con_theme` VALUES (1,'情感婚姻'),(2,'情绪压力'),(3,'人际关系'),(4,'家庭关系'),(5,'孩子教育'),(6,'职业发展'),(7,'个人发展'),(8,'性心理');
/*!40000 ALTER TABLE `con_theme` ENABLE KEYS */;
UNLOCK TABLES;

--
-- Table structure for table `con_tips`
--

DROP TABLE IF EXISTS `con_tips`;
/*!40101 SET @saved_cs_client     = @@character_set_client */;
/*!40101 SET character_set_client = utf8 */;
CREATE TABLE `con_tips` (
  `id` int(11) NOT NULL AUTO_INCREMENT,
  `from_id` int(11) DEFAULT NULL,
  `to_id` int(11) DEFAULT NULL,
  `content` text,
  `ctime` int(11) DEFAULT NULL,
  `articleId` int(11) DEFAULT NULL,
  `if_read` int(11) DEFAULT '0',
  PRIMARY KEY (`id`)
) ENGINE=InnoDB AUTO_INCREMENT=19 DEFAULT CHARSET=utf8;
/*!40101 SET character_set_client = @saved_cs_client */;

--
-- Dumping data for table `con_tips`
--

LOCK TABLES `con_tips` WRITE;
/*!40000 ALTER TABLE `con_tips` DISABLE KEYS */;
INSERT INTO `con_tips` VALUES (1,3,2,'真是说得太对了',1506268800,12,0),(2,3,2,'真是说得太对了',1506268800,9,0),(3,3,2,'真是说得太对了',1506268800,12,0),(4,3,2,'真是说得太对了',1506268800,3,0),(5,3,2,'真是说得太对了',1506268800,1,1),(6,3,2,'真是说得太对了',1506268800,1,1),(7,3,2,'真是说得太对了',1506268800,9,0),(8,3,2,'真是说得太对了',1506268800,12,0),(9,3,2,'真是说得太对了',1506268800,4,0),(10,3,2,'真是说得太对了',1506268800,2,1),(11,3,2,'真是说得太对了',1506268800,3,0),(12,3,2,'真是说得太对了',1506268800,5,0),(13,3,2,'真是说得太对了',1506268800,7,0),(14,1,1,'评论测试美文欣赏',1506404619,7,0),(15,1,1,'评论测试跳转情况',1506404854,7,0),(16,1,1,'我觉得狠狠要打',1506413757,3,0),(17,1,1,'haksdhasdasdadas',1506605150,3,0),(18,8,1,'我不赞成这样的回答',1506672223,3,0);
/*!40000 ALTER TABLE `con_tips` ENABLE KEYS */;
UNLOCK TABLES;

--
-- Table structure for table `con_user`
--

DROP TABLE IF EXISTS `con_user`;
/*!40101 SET @saved_cs_client     = @@character_set_client */;
/*!40101 SET character_set_client = utf8 */;
CREATE TABLE `con_user` (
  `id` int(11) NOT NULL AUTO_INCREMENT,
  `username` varchar(45) DEFAULT NULL,
  `password` varchar(64) DEFAULT NULL,
  `nickname` varchar(45) DEFAULT NULL,
  `user_type` int(11) DEFAULT NULL,
  `weixin` varchar(64) DEFAULT NULL,
  `onPrice` float DEFAULT '0',
  `offPrice` float DEFAULT '0',
  `score` float DEFAULT '0',
  `desp` text,
  `ctime` int(11) DEFAULT NULL,
  `if_check` int(11) DEFAULT '0',
  `prt` int(11) DEFAULT '1',
  PRIMARY KEY (`id`)
) ENGINE=InnoDB AUTO_INCREMENT=21 DEFAULT CHARSET=utf8;
/*!40101 SET character_set_client = @saved_cs_client */;

--
-- Dumping data for table `con_user`
--

LOCK TABLES `con_user` WRITE;
/*!40000 ALTER TABLE `con_user` DISABLE KEYS */;
INSERT INTO `con_user` VALUES (1,'18916294850','123456','李艳',1,'liyan2010',100,200,4.5,'最初由于北京的节奏，工作压力，自己的人格特点一直和自己的焦虑战斗.长期处于焦虑抑郁状态，后为了自救，学习心理学，参加各类工作坊。整个人的生命质量得到了很大的提升。周围太多的人处于焦虑抑郁状态。',1506636000,1,1),(2,'18916294851','123456','李艳',1,'liyan2010',100,200,4.5,'最初由于北京的节奏，工作压力，自己的人格特点一直和自己的焦虑战斗.长期处于焦虑抑郁状态，后为了自救，学习心理学，参加各类工作坊。整个人的生命质量得到了很大的提升。周围太多的人处于焦虑抑郁状态。',1506636000,0,1),(3,'18916294852','123456','李艳',1,'liyan2010',100,200,4.5,'最初由于北京的节奏，工作压力，自己的人格特点一直和自己的焦虑战斗.长期处于焦虑抑郁状态，后为了自救，学习心理学，参加各类工作坊。整个人的生命质量得到了很大的提升。周围太多的人处于焦虑抑郁状态。',1506636000,0,1),(4,'18916294853','123456','李艳',1,'liyan2010',100,200,4.5,'最初由于北京的节奏，工作压力，自己的人格特点一直和自己的焦虑战斗.长期处于焦虑抑郁状态，后为了自救，学习心理学，参加各类工作坊。整个人的生命质量得到了很大的提升。周围太多的人处于焦虑抑郁状态。',1506636000,0,1),(5,'18916294854','123456','李艳',1,'liyan2010',100,200,4.5,'最初由于北京的节奏，工作压力，自己的人格特点一直和自己的焦虑战斗.长期处于焦虑抑郁状态，后为了自救，学习心理学，参加各类工作坊。整个人的生命质量得到了很大的提升。周围太多的人处于焦虑抑郁状态。',1506636000,0,1),(6,'18916294855','123456','朱晓燕',1,'liyan2010',100,200,4.5,'华中师范大学心理学院教育心理学硕士；国家二级心理咨询师。曾在金色摇篮潜能教育集团负责教师培训，担任金色摇篮东区国际园的园长。现任摇篮思慧特幼儿园园长.',1506636000,0,1),(7,'18916294856','123456','朱晓燕',1,'liyan2010',100,200,4.5,'华中师范大学心理学院教育心理学硕士；国家二级心理咨询师。曾在金色摇篮潜能教育集团负责教师培训，担任金色摇篮东区国际园的园长。现任摇篮思慧特幼儿园园长.',1506636000,0,1),(8,'18916294857','123456','朱晓燕',1,'liyan2010',100,200,4.5,'华中师范大学心理学院教育心理学硕士；国家二级心理咨询师。曾在金色摇篮潜能教育集团负责教师培训，担任金色摇篮东区国际园的园长。现任摇篮思慧特幼儿园园长.',1506636000,0,1),(9,'18916294858','123456','朱晓燕',1,'liyan2010',100,200,4.5,'华中师范大学心理学院教育心理学硕士；国家二级心理咨询师。曾在金色摇篮潜能教育集团负责教师培训，担任金色摇篮东区国际园的园长。现任摇篮思慧特幼儿园园长.',1506636000,0,1),(10,'18916294840','654321','user_7678',2,NULL,0,0,0,NULL,1506636000,0,1),(11,'18916294841','654321','user_7177',2,NULL,0,0,0,NULL,1506636000,0,1),(12,'18916294842','654321','user_727',2,NULL,0,0,0,NULL,1506636000,0,1),(13,'18916294843','654321','user_7377',2,NULL,0,0,0,NULL,1506636000,0,1),(14,'18916294844','654321','user_7647',2,NULL,0,0,0,NULL,1506636000,0,1),(15,'18916294845','654321','user_7697',2,NULL,0,0,0,NULL,1506636000,0,1),(16,'18916294846','654321','user_7617',2,NULL,0,0,0,NULL,1506636000,0,1),(17,'18916294847','654321','user_7217',2,NULL,0,0,0,NULL,1506636000,0,1),(18,'18916294848','654321','user_7897',2,NULL,0,0,0,NULL,1506636000,0,1),(19,'18917628199','123456','刘晓明',1,'liuxiaoming',20,100,4.5,'最初由于北京的节奏，工作压力，自己的人格特点一直和自己的焦虑战斗.长期处于焦虑抑郁状态，后为了自救，学习心理学，参加各类工作坊。整个人的生命质量得到了很大的提升。周围太多的人处于焦虑抑郁状态。',1506636000,0,1),(20,'18717281789','123456','刘晓鹏',1,'liuxiaopeng2015',100,300,4.5,'最初由于北京的节奏，工作压力，自己的人格特点一直和自己的焦虑战斗.长期处于焦虑抑郁状态，后为了自救，学习心理学，参加各类工作坊。整个人的生命质量得到了很大的提升。周围太多的人处于焦虑抑郁状态。\n',1506636000,0,1);
/*!40000 ALTER TABLE `con_user` ENABLE KEYS */;
UNLOCK TABLES;

--
-- Table structure for table `user`
--

DROP TABLE IF EXISTS `user`;
/*!40101 SET @saved_cs_client     = @@character_set_client */;
/*!40101 SET character_set_client = utf8 */;
CREATE TABLE `user` (
  `id` int(11) NOT NULL AUTO_INCREMENT COMMENT '自增ID',
  `username` varchar(255) NOT NULL COMMENT '用户名',
  `auth_key` varchar(32) NOT NULL COMMENT '自动登录key',
  `password_hash` varchar(255) NOT NULL COMMENT '加密密码',
  `password_reset_token` varchar(255) DEFAULT NULL COMMENT '重置密码token',
  `email` varchar(255) NOT NULL COMMENT '邮箱',
  `role` smallint(6) NOT NULL DEFAULT '10' COMMENT '角色等级',
  `status` smallint(6) NOT NULL DEFAULT '10' COMMENT '状态',
  `created_at` int(11) NOT NULL COMMENT '创建时间',
  `updated_at` int(11) NOT NULL COMMENT '更新时间',
  PRIMARY KEY (`id`)
) ENGINE=InnoDB AUTO_INCREMENT=5 DEFAULT CHARSET=utf8 COMMENT='用户表';
/*!40101 SET character_set_client = @saved_cs_client */;

--
-- Dumping data for table `user`
--

LOCK TABLES `user` WRITE;
/*!40000 ALTER TABLE `user` DISABLE KEYS */;
INSERT INTO `user` VALUES (1,'admin','0Gb8ha4cFYK0F81fpEZoM9SwkTgWY83D','$2y$13$VAq9HEsKUWRFrrZUmaMa5.wu3tdElAkbkjmClPYEgKluWKvrh93r.',NULL,'admin@163.com',10,10,1506497600,1506497600),(2,'demo','hk5Fj8I9F-W7p99lPbkkhTuL0wgwF_g1','$2y$13$YDJdp8ix9s/qOnIBSJoFBuhkxp3Q195RsmOjQVOurSYPj2gh/txhq',NULL,'demo@163.com',10,10,1506497614,1506497614),(3,'test','6JW614pJdRJ2hW9MvKXf8C4QesjSP0xI','$2y$13$x6agyinVseOiCbKnHTfNf.blN03iyTRjhHLPg/H26VbpmJLHenL5a',NULL,'test@163.com',10,10,1506497645,1506497645),(4,'yidianling','ovQvlMeAPWiogGFdOBeIU5MJp0NAxx73','$2y$13$fiXqR86QifKtfYDOLSmBluietX7Bn1si5AJkINQ.S7Xr8XVgO6Nq.',NULL,'yidianling@163.com',10,10,1506509615,1506509615);
/*!40000 ALTER TABLE `user` ENABLE KEYS */;
UNLOCK TABLES;
/*!40103 SET TIME_ZONE=@OLD_TIME_ZONE */;

/*!40101 SET SQL_MODE=@OLD_SQL_MODE */;
/*!40014 SET FOREIGN_KEY_CHECKS=@OLD_FOREIGN_KEY_CHECKS */;
/*!40014 SET UNIQUE_CHECKS=@OLD_UNIQUE_CHECKS */;
/*!40101 SET CHARACTER_SET_CLIENT=@OLD_CHARACTER_SET_CLIENT */;
/*!40101 SET CHARACTER_SET_RESULTS=@OLD_CHARACTER_SET_RESULTS */;
/*!40101 SET COLLATION_CONNECTION=@OLD_COLLATION_CONNECTION */;
/*!40111 SET SQL_NOTES=@OLD_SQL_NOTES */;

-- Dump completed on 2017-09-30 17:10:27
